name	rmid	cnt
医药代表	1.0	4
医药代表	1.5	19
医药代表	2.0	43
医药代表	2.5	229
医药代表	3.0	188
医药代表	3.5	485
医药代表	4.0	306
医药代表	4.5	775
医药代表	5.0	438
医药代表	5.5	1711
医药代表	6.0	851
医药代表	6.5	2055
医药代表	7.0	755
医药代表	7.5	3677
医药代表	8.0	1010
医药代表	8.5	1556
医药代表	9.0	513
医药代表	9.5	1297
医药代表	10.0	676
医药代表	10.5	1458
医药代表	11.0	93
医药代表	11.5	483
医药代表	12.0	44
医药代表	12.5	1683
医药代表	13.0	22
医药代表	13.5	67
医药代表	14.0	42
医药代表	14.5	38
医药代表	15.0	133
医药代表	15.5	158
医药代表	16.0	92
医药代表	16.5	91
医药代表	17.0	17
医药代表	17.5	255
医药代表	18.0	96
医药代表	18.5	24
医药代表	19.0	22
医药代表	19.5	10
医药代表	20.0	144
医药代表	20.5	12
医药代表	21.0	7
医药代表	21.5	4
医药代表	22.0	3
医药代表	22.5	227
医药代表	23.0	3
医药代表	23.5	4
医药代表	24.0	1
医药代表	24.5	1
医药代表	25.0	39
医药代表	25.5	10
医药代表	26.5	1
医药代表	27.0	1
医药代表	27.5	33
医药代表	28.5	3
医药代表	29.0	3
医药代表	30.0	41
医药代表	30.5	1
医药代表	31.0	1
医药代表	31.5	1
医药代表	32.5	5
医药代表	33.0	1
医药代表	34.5	3
医药代表	35.0	2
医药代表	37.5	3
医药代表	39.5	1
医药代表	40.0	5
医药代表	41.5	9
医药代表	42.5	1
医药代表	44.0	2
医药代表	45.0	3
医药代表	46.0	10
医药代表	46.5	2
医药代表	50.0	4
医药代表	52.5	1
医药代表	55.0	2
医药代表	57.5	1
医药代表	65.0	1
医药代表	81.0	5
医药代表	84.5	3
医药代表	92.5	1
医药代表	100.0	1
口腔科医生	0.5	3
口腔科医生	1.0	60
口腔科医生	1.5	287
口腔科医生	2.0	318
口腔科医生	2.5	536
口腔科医生	3.0	378
口腔科医生	3.5	964
口腔科医生	4.0	740
口腔科医生	4.5	1179
口腔科医生	5.0	498
口腔科医生	5.5	1921
口腔科医生	6.0	605
口腔科医生	6.5	1456
口腔科医生	7.0	333
口腔科医生	7.5	2500
口腔科医生	8.0	655
口腔科医生	8.5	1119
口腔科医生	9.0	345
口腔科医生	9.5	744
口腔科医生	10.0	481
口腔科医生	10.5	2333
口腔科医生	11.0	156
口腔科医生	11.5	286
口腔科医生	12.0	40
口腔科医生	12.5	3003
口腔科医生	13.0	22
口腔科医生	13.5	117
口腔科医生	14.0	44
口腔科医生	14.5	66
口腔科医生	15.0	107
口腔科医生	15.5	239
口腔科医生	16.0	346
口腔科医生	16.5	234
口腔科医生	17.0	38
口腔科医生	17.5	597
口腔科医生	18.0	316
口腔科医生	18.5	28
口腔科医生	19.0	50
口腔科医生	19.5	50
口腔科医生	20.0	339
口腔科医生	20.5	64
口腔科医生	21.0	24
口腔科医生	21.5	38
口腔科医生	22.0	7
口腔科医生	22.5	986
口腔科医生	23.0	27
口腔科医生	23.5	4
口腔科医生	24.0	28
口腔科医生	24.5	4
口腔科医生	25.0	329
口腔科医生	25.5	3
口腔科医生	26.0	2
口腔科医生	26.5	33
口腔科医生	27.0	7
口腔科医生	27.5	75
口腔科医生	29.0	2
口腔科医生	29.5	5
口腔科医生	30.0	411
口腔科医生	30.5	4
口腔科医生	31.0	4
口腔科医生	31.5	2
口腔科医生	32.0	3
口腔科医生	32.5	39
口腔科医生	33.0	5
口腔科医生	34.0	3
口腔科医生	34.5	4
口腔科医生	35.0	23
口腔科医生	37.5	64
口腔科医生	40.0	84
口腔科医生	41.0	1
口腔科医生	42.5	10
口腔科医生	45.0	88
口腔科医生	46.0	1
口腔科医生	47.5	8
口腔科医生	50.0	9
口腔科医生	50.5	1
口腔科医生	52.5	5
口腔科医生	53.0	1
口腔科医生	54.0	3
口腔科医生	55.0	12
口腔科医生	57.5	3
口腔科医生	60.0	8
口腔科医生	62.5	1
口腔科医生	63.0	1
口腔科医生	65.0	19
口腔科医生	70.0	2
口腔科医生	73.0	3
口腔科医生	75.0	7
口腔科医生	77.0	3
口腔科医生	77.5	1
口腔科医生	81.0	1
口腔科医生	84.5	1
口腔科医生	85.0	1
口腔科医生	90.0	1
口腔科医生	95.0	3
口腔科医生	97.5	1
国内电商运营	1.0	36
国内电商运营	1.5	67
国内电商运营	2.0	78
国内电商运营	2.5	334
国内电商运营	3.0	228
国内电商运营	3.5	1572
国内电商运营	4.0	1231
国内电商运营	4.5	2345
国内电商运营	5.0	1347
国内电商运营	5.5	3136
国内电商运营	6.0	1630
国内电商运营	6.5	2368
国内电商运营	7.0	725
国内电商运营	7.5	2640
国内电商运营	8.0	905
国内电商运营	8.5	1069
国内电商运营	9.0	375
国内电商运营	9.5	588
国内电商运营	10.0	502
国内电商运营	10.5	874
国内电商运营	11.0	86
国内电商运营	11.5	160
国内电商运营	12.0	11
国内电商运营	12.5	813
国内电商运营	13.0	9
国内电商运营	13.5	61
国内电商运营	14.0	32
国内电商运营	14.5	20
国内电商运营	15.0	61
国内电商运营	15.5	48
国内电商运营	16.0	98
国内电商运营	16.5	40
国内电商运营	17.0	12
国内电商运营	17.5	120
国内电商运营	18.0	41
国内电商运营	18.5	11
国内电商运营	19.0	6
国内电商运营	19.5	9
国内电商运营	20.0	83
国内电商运营	20.5	7
国内电商运营	21.0	7
国内电商运营	21.5	12
国内电商运营	22.5	94
国内电商运营	23.0	3
国内电商运营	23.5	1
国内电商运营	24.0	8
国内电商运营	25.0	39
国内电商运营	25.5	6
国内电商运营	26.5	7
国内电商运营	27.0	2
国内电商运营	27.5	13
国内电商运营	28.5	1
国内电商运营	30.0	37
国内电商运营	32.5	12
国内电商运营	34.0	2
国内电商运营	35.0	4
国内电商运营	37.5	11
国内电商运营	40.0	15
国内电商运营	41.5	1
国内电商运营	42.5	4
国内电商运营	45.0	7
国内电商运营	47.5	1
国内电商运营	50.0	2
国内电商运营	55.0	1
国内电商运营	62.5	2
国内电商运营	65.0	2
国内电商运营	67.5	1
国内电商运营	72.5	1
国内电商运营	75.0	2
国内电商运营	85.0	1
国内电商运营	95.0	1
实验室技术员	1.0	2
实验室技术员	1.5	49
实验室技术员	2.0	60
实验室技术员	2.5	350
实验室技术员	3.0	233
实验室技术员	3.5	1715
实验室技术员	4.0	1507
实验室技术员	4.5	2540
实验室技术员	5.0	1782
实验室技术员	5.5	1712
实验室技术员	6.0	1088
实验室技术员	6.5	1043
实验室技术员	7.0	479
实验室技术员	7.5	453
实验室技术员	8.0	243
实验室技术员	8.5	183
实验室技术员	9.0	108
实验室技术员	9.5	92
实验室技术员	10.0	93
实验室技术员	10.5	85
实验室技术员	11.0	31
实验室技术员	11.5	32
实验室技术员	12.0	4
实验室技术员	12.5	79
实验室技术员	13.0	2
实验室技术员	13.5	12
实验室技术员	14.0	6
实验室技术员	14.5	2
实验室技术员	15.0	6
实验室技术员	15.5	14
实验室技术员	16.0	6
实验室技术员	16.5	7
实验室技术员	17.5	12
实验室技术员	18.0	3
实验室技术员	18.5	1
实验室技术员	19.0	3
实验室技术员	19.5	1
实验室技术员	20.0	2
实验室技术员	21.0	1
实验室技术员	22.5	7
实验室技术员	25.0	1
实验室技术员	26.0	1
实验室技术员	27.0	1
实验室技术员	32.5	2
实验室技术员	37.5	1
实验室技术员	40.0	1
实验室技术员	42.5	2
实验室技术员	45.0	1
室内设计	0.5	12
室内设计	1.0	78
室内设计	1.5	604
室内设计	2.0	401
室内设计	2.5	961
室内设计	3.0	545
室内设计	3.5	1997
室内设计	4.0	1513
室内设计	4.5	3127
室内设计	5.0	1104
室内设计	5.5	7787
室内设计	6.0	1823
室内设计	6.5	4229
室内设计	7.0	1060
室内设计	7.5	8260
室内设计	8.0	1377
室内设计	8.5	2503
室内设计	9.0	817
室内设计	9.5	1390
室内设计	10.0	1211
室内设计	10.5	2776
室内设计	11.0	190
室内设计	11.5	412
室内设计	12.0	54
室内设计	12.5	2731
室内设计	13.0	55
室内设计	13.5	88
室内设计	14.0	25
室内设计	14.5	39
室内设计	15.0	76
室内设计	15.5	124
室内设计	16.0	169
室内设计	16.5	119
室内设计	17.0	25
室内设计	17.5	292
室内设计	18.0	175
室内设计	18.5	18
室内设计	19.0	17
室内设计	19.5	52
室内设计	20.0	99
室内设计	20.5	42
室内设计	21.0	17
室内设计	21.5	15
室内设计	22.0	6
室内设计	22.5	424
室内设计	23.0	5
室内设计	23.5	9
室内设计	24.0	10
室内设计	24.5	3
室内设计	25.0	90
室内设计	25.5	4
室内设计	26.5	8
室内设计	27.0	9
室内设计	27.5	21
室内设计	28.0	1
室内设计	28.5	3
室内设计	29.0	1
室内设计	30.0	112
室内设计	30.5	1
室内设计	31.0	1
室内设计	32.5	11
室内设计	33.0	2
室内设计	33.5	1
室内设计	34.0	3
室内设计	34.5	1
室内设计	35.0	17
室内设计	37.5	11
室内设计	38.0	1
室内设计	38.5	1
室内设计	40.0	10
室内设计	42.0	1
室内设计	42.5	2
室内设计	45.0	20
室内设计	46.0	3
室内设计	47.5	2
室内设计	50.0	8
室内设计	52.5	6
室内设计	53.5	1
室内设计	54.0	1
室内设计	55.0	8
室内设计	57.5	1
室内设计	60.0	4
室内设计	62.5	1
室内设计	65.0	17
室内设计	65.5	2
室内设计	67.5	2
室内设计	70.0	1
室内设计	72.5	2
室内设计	73.0	2
室内设计	75.0	3
室内设计	77.0	1
室内设计	82.5	1
室内设计	84.5	2
室内设计	85.0	1
室内设计	88.5	1
室内设计	90.0	2
室内设计	95.0	1
室内设计	97.5	1
工艺工程师	1.5	7
工艺工程师	2.0	2
工艺工程师	2.5	18
工艺工程师	3.0	13
工艺工程师	3.5	102
工艺工程师	4.0	162
工艺工程师	4.5	399
工艺工程师	5.0	537
工艺工程师	5.5	679
工艺工程师	6.0	673
工艺工程师	6.5	938
工艺工程师	7.0	767
工艺工程师	7.5	859
工艺工程师	8.0	789
工艺工程师	8.5	761
工艺工程师	9.0	657
工艺工程师	9.5	652
工艺工程师	10.0	807
工艺工程师	10.5	841
工艺工程师	11.0	266
工艺工程师	11.5	453
工艺工程师	12.0	109
工艺工程师	12.5	1267
工艺工程师	13.0	46
工艺工程师	13.5	175
工艺工程师	14.0	128
工艺工程师	14.5	115
工艺工程师	15.0	228
工艺工程师	15.5	126
工艺工程师	16.0	177
工艺工程师	16.5	105
工艺工程师	17.0	29
工艺工程师	17.5	211
工艺工程师	18.0	60
工艺工程师	18.5	28
工艺工程师	19.0	40
工艺工程师	19.5	21
工艺工程师	20.0	160
工艺工程师	20.5	8
工艺工程师	21.0	15
工艺工程师	21.5	18
工艺工程师	22.0	3
工艺工程师	22.5	91
工艺工程师	23.0	5
工艺工程师	23.5	3
工艺工程师	24.0	8
工艺工程师	25.0	45
工艺工程师	25.5	1
工艺工程师	26.0	2
工艺工程师	26.5	2
工艺工程师	27.5	9
工艺工程师	30.0	13
工艺工程师	30.5	1
工艺工程师	31.5	1
工艺工程师	32.5	17
工艺工程师	35.0	6
工艺工程师	37.5	2
工艺工程师	40.0	4
工艺工程师	45.0	1
平面设计	0.5	2
平面设计	1.0	36
平面设计	1.5	199
平面设计	2.0	235
平面设计	2.5	890
平面设计	3.0	619
平面设计	3.5	3440
平面设计	4.0	3324
平面设计	4.5	4955
平面设计	5.0	3151
平面设计	5.5	4238
平面设计	6.0	2233
平面设计	6.5	2266
平面设计	7.0	871
平面设计	7.5	1316
平面设计	8.0	621
平面设计	8.5	454
平面设计	9.0	238
平面设计	9.5	220
平面设计	10.0	230
平面设计	10.5	243
平面设计	11.0	56
平面设计	11.5	58
平面设计	12.0	18
平面设计	12.5	154
平面设计	13.0	10
平面设计	13.5	31
平面设计	14.0	15
平面设计	14.5	5
平面设计	15.0	21
平面设计	15.5	19
平面设计	16.0	15
平面设计	16.5	24
平面设计	17.0	2
平面设计	17.5	14
平面设计	18.0	6
平面设计	18.5	5
平面设计	19.0	8
平面设计	19.5	6
平面设计	20.0	11
平面设计	20.5	8
平面设计	21.0	1
平面设计	21.5	2
平面设计	22.0	8
平面设计	22.5	18
平面设计	23.0	6
平面设计	23.5	1
平面设计	24.0	2
平面设计	24.5	1
平面设计	25.0	2
平面设计	25.5	1
平面设计	26.5	2
平面设计	27.5	1
平面设计	28.0	1
平面设计	28.5	1
平面设计	29.0	1
平面设计	30.0	9
平面设计	30.5	3
平面设计	31.0	1
平面设计	32.0	1
平面设计	32.5	1
平面设计	33.5	1
平面设计	34.5	3
平面设计	35.0	6
平面设计	37.0	3
平面设计	37.5	6
平面设计	38.5	1
平面设计	39.0	3
平面设计	39.5	1
平面设计	40.0	5
平面设计	41.5	1
平面设计	42.0	1
平面设计	42.5	4
平面设计	45.0	2
平面设计	45.5	1
平面设计	46.0	5
平面设计	46.5	1
平面设计	47.5	4
平面设计	48.5	1
平面设计	50.0	4
平面设计	52.5	1
平面设计	54.5	2
平面设计	55.0	2
平面设计	57.5	2
平面设计	62.5	1
平面设计	65.0	2
平面设计	81.0	1
平面设计	84.5	1
护士	1.0	11
护士	1.5	193
护士	2.0	223
护士	2.5	2619
护士	3.0	1638
护士	3.5	5338
护士	4.0	3714
护士	4.5	3399
护士	5.0	1682
护士	5.5	2240
护士	6.0	900
护士	6.5	892
护士	7.0	375
护士	7.5	525
护士	8.0	200
护士	8.5	170
护士	9.0	80
护士	9.5	103
护士	10.0	60
护士	10.5	72
护士	11.0	9
护士	11.5	22
护士	12.0	3
护士	12.5	49
护士	13.0	2
护士	13.5	8
护士	14.0	7
护士	14.5	3
护士	15.0	2
护士	16.0	1
护士	16.5	7
护士	17.5	5
护士	18.0	3
护士	19.0	1
护士	20.0	1
护士	20.5	17
护士	21.5	5
护士	22.5	3
护士	23.0	2
护士	24.5	2
护士	25.0	2
护士	27.0	3
护士	27.5	1
护士	29.5	2
护士	30.0	2
护士	30.5	2
护士	31.0	1
护士	31.5	1
护士	32.5	1
护士	33.0	1
护士	34.5	1
护士	38.5	4
护士	42.5	1
护士	45.0	3
护士	46.5	1
护士	50.0	1
护士	54.0	1
护士	55.0	1
护士	66.0	1
护士	77.0	1
摄影/摄像师	0.5	2
摄影/摄像师	1.0	22
摄影/摄像师	1.5	189
摄影/摄像师	2.0	171
摄影/摄像师	2.5	381
摄影/摄像师	3.0	258
摄影/摄像师	3.5	1018
摄影/摄像师	4.0	892
摄影/摄像师	4.5	1756
摄影/摄像师	5.0	1110
摄影/摄像师	5.5	2098
摄影/摄像师	6.0	1114
摄影/摄像师	6.5	1439
摄影/摄像师	7.0	614
摄影/摄像师	7.5	1253
摄影/摄像师	8.0	535
摄影/摄像师	8.5	496
摄影/摄像师	9.0	240
摄影/摄像师	9.5	267
摄影/摄像师	10.0	229
摄影/摄像师	10.5	290
摄影/摄像师	11.0	48
摄影/摄像师	11.5	66
摄影/摄像师	12.0	14
摄影/摄像师	12.5	255
摄影/摄像师	13.0	8
摄影/摄像师	13.5	34
摄影/摄像师	14.0	14
摄影/摄像师	14.5	18
摄影/摄像师	15.0	15
摄影/摄像师	15.5	19
摄影/摄像师	16.0	15
摄影/摄像师	16.5	28
摄影/摄像师	17.0	1
摄影/摄像师	17.5	20
摄影/摄像师	18.0	47
摄影/摄像师	19.0	4
摄影/摄像师	19.5	6
摄影/摄像师	20.0	10
摄影/摄像师	20.5	4
摄影/摄像师	21.0	1
摄影/摄像师	21.5	1
摄影/摄像师	22.0	3
摄影/摄像师	22.5	13
摄影/摄像师	23.0	8
摄影/摄像师	23.5	2
摄影/摄像师	24.0	1
摄影/摄像师	24.5	1
摄影/摄像师	25.0	2
摄影/摄像师	25.5	1
摄影/摄像师	26.5	1
摄影/摄像师	27.0	4
摄影/摄像师	27.5	2
摄影/摄像师	30.0	2
摄影/摄像师	30.5	3
摄影/摄像师	32.5	1
摄影/摄像师	34.5	1
摄影/摄像师	35.0	1
摄影/摄像师	36.5	1
摄影/摄像师	38.5	3
摄影/摄像师	42.0	1
摄影/摄像师	42.5	2
摄影/摄像师	44.5	2
摄影/摄像师	46.0	1
摄影/摄像师	46.5	2
摄影/摄像师	54.0	1
摄影/摄像师	55.0	1
摄影/摄像师	61.5	2
摄影/摄像师	73.0	1
摄影/摄像师	84.5	1
新媒体运营	0.5	10
新媒体运营	1.0	49
新媒体运营	1.5	93
新媒体运营	2.0	106
新媒体运营	2.5	413
新媒体运营	3.0	269
新媒体运营	3.5	1743
新媒体运营	4.0	1679
新媒体运营	4.5	3136
新媒体运营	5.0	2216
新媒体运营	5.5	3730
新媒体运营	6.0	2335
新媒体运营	6.5	3034
新媒体运营	7.0	1172
新媒体运营	7.5	2590
新媒体运营	8.0	1001
新媒体运营	8.5	1018
新媒体运营	9.0	417
新媒体运营	9.5	522
新媒体运营	10.0	478
新媒体运营	10.5	701
新媒体运营	11.0	76
新媒体运营	11.5	113
新媒体运营	12.0	23
新媒体运营	12.5	629
新媒体运营	13.0	8
新媒体运营	13.5	45
新媒体运营	14.0	12
新媒体运营	14.5	27
新媒体运营	15.0	31
新媒体运营	15.5	26
新媒体运营	16.0	54
新媒体运营	16.5	25
新媒体运营	17.0	7
新媒体运营	17.5	76
新媒体运营	18.0	28
新媒体运营	18.5	2
新媒体运营	19.0	3
新媒体运营	19.5	6
新媒体运营	20.0	42
新媒体运营	20.5	7
新媒体运营	21.0	4
新媒体运营	21.5	4
新媒体运营	22.0	2
新媒体运营	22.5	75
新媒体运营	24.0	5
新媒体运营	24.5	1
新媒体运营	25.0	26
新媒体运营	26.0	2
新媒体运营	26.5	4
新媒体运营	27.5	6
新媒体运营	28.0	1
新媒体运营	29.0	1
新媒体运营	30.0	34
新媒体运营	30.5	2
新媒体运营	31.0	1
新媒体运营	32.5	4
新媒体运营	33.0	1
新媒体运营	35.0	3
新媒体运营	36.5	1
新媒体运营	37.5	1
新媒体运营	40.0	2
新媒体运营	45.0	4
新媒体运营	50.0	1
新媒体运营	55.0	2
新媒体运营	65.0	1
新媒体运营	70.0	1
新媒体运营	85.0	1
新媒体运营	88.0	1
新媒体运营	95.0	1
汽车销售	1.0	3
汽车销售	1.5	32
汽车销售	2.0	45
汽车销售	2.5	131
汽车销售	3.0	55
汽车销售	3.5	286
汽车销售	4.0	165
汽车销售	4.5	494
汽车销售	5.0	196
汽车销售	5.5	1739
汽车销售	6.0	364
汽车销售	6.5	1334
汽车销售	7.0	218
汽车销售	7.5	3911
汽车销售	8.0	425
汽车销售	8.5	1462
汽车销售	9.0	301
汽车销售	9.5	1047
汽车销售	10.0	531
汽车销售	10.5	2096
汽车销售	11.0	77
汽车销售	11.5	316
汽车销售	12.0	18
汽车销售	12.5	2389
汽车销售	13.0	18
汽车销售	13.5	40
汽车销售	14.0	15
汽车销售	14.5	37
汽车销售	15.0	57
汽车销售	15.5	131
汽车销售	16.0	147
汽车销售	16.5	176
汽车销售	17.0	44
汽车销售	17.5	279
汽车销售	18.0	227
汽车销售	18.5	11
汽车销售	19.0	31
汽车销售	19.5	38
汽车销售	20.0	143
汽车销售	20.5	13
汽车销售	21.0	5
汽车销售	21.5	8
汽车销售	22.0	3
汽车销售	22.5	566
汽车销售	23.0	8
汽车销售	23.5	2
汽车销售	24.0	11
汽车销售	25.0	87
汽车销售	26.5	13
汽车销售	27.5	20
汽车销售	30.0	82
汽车销售	31.0	1
汽车销售	32.0	1
汽车销售	32.5	4
汽车销售	34.5	1
汽车销售	35.0	4
汽车销售	37.5	6
汽车销售	40.0	1
汽车销售	42.5	2
汽车销售	45.0	2
汽车销售	50.0	2
汽车销售	50.5	1
汽车销售	52.5	1
汽车销售	73.0	1
汽车销售	95.0	1
电气工程师	1.0	1
电气工程师	1.5	21
电气工程师	2.0	23
电气工程师	2.5	94
电气工程师	3.0	52
电气工程师	3.5	301
电气工程师	4.0	309
电气工程师	4.5	710
电气工程师	5.0	723
电气工程师	5.5	1064
电气工程师	6.0	1035
电气工程师	6.5	1507
电气工程师	7.0	959
电气工程师	7.5	1481
电气工程师	8.0	1055
电气工程师	8.5	1166
电气工程师	9.0	797
电气工程师	9.5	898
电气工程师	10.0	963
电气工程师	10.5	1262
电气工程师	11.0	310
电气工程师	11.5	575
电气工程师	12.0	140
电气工程师	12.5	1382
电气工程师	13.0	66
电气工程师	13.5	173
电气工程师	14.0	126
电气工程师	14.5	127
电气工程师	15.0	262
电气工程师	15.5	176
电气工程师	16.0	233
电气工程师	16.5	137
电气工程师	17.0	49
电气工程师	17.5	214
电气工程师	18.0	213
电气工程师	18.5	34
电气工程师	19.0	60
电气工程师	19.5	21
电气工程师	20.0	194
电气工程师	20.5	23
电气工程师	21.0	7
电气工程师	21.5	42
电气工程师	22.0	8
电气工程师	22.5	102
电气工程师	23.0	7
电气工程师	23.5	4
电气工程师	24.0	11
电气工程师	25.0	25
电气工程师	25.5	1
电气工程师	26.5	6
电气工程师	27.5	14
电气工程师	28.0	1
电气工程师	28.5	3
电气工程师	29.0	2
电气工程师	30.0	10
电气工程师	30.5	1
电气工程师	31.0	1
电气工程师	31.5	1
电气工程师	32.5	10
电气工程师	37.5	2
电气工程师	39.0	1
电气工程师	42.5	1
电气工程师	50.0	2
电气工程师	52.5	1
电气工程师	57.5	1
电气工程师	77.5	1
电气工程师	95.0	1
视频剪辑	0.5	3
视频剪辑	1.0	41
视频剪辑	1.5	135
视频剪辑	2.0	162
视频剪辑	2.5	548
视频剪辑	3.0	352
视频剪辑	3.5	2025
视频剪辑	4.0	1795
视频剪辑	4.5	3287
视频剪辑	5.0	2273
视频剪辑	5.5	3542
视频剪辑	6.0	2125
视频剪辑	6.5	2520
视频剪辑	7.0	889
视频剪辑	7.5	1778
视频剪辑	8.0	700
视频剪辑	8.5	712
视频剪辑	9.0	220
视频剪辑	9.5	313
视频剪辑	10.0	244
视频剪辑	10.5	323
视频剪辑	11.0	56
视频剪辑	11.5	76
视频剪辑	12.0	14
视频剪辑	12.5	234
视频剪辑	13.0	5
视频剪辑	13.5	24
视频剪辑	14.0	10
视频剪辑	14.5	8
视频剪辑	15.0	17
视频剪辑	15.5	21
视频剪辑	16.0	24
视频剪辑	16.5	15
视频剪辑	17.0	6
视频剪辑	17.5	16
视频剪辑	18.0	6
视频剪辑	18.5	3
视频剪辑	19.0	2
视频剪辑	19.5	4
视频剪辑	20.0	13
视频剪辑	20.5	2
视频剪辑	21.0	1
视频剪辑	21.5	2
视频剪辑	22.5	16
视频剪辑	23.0	5
视频剪辑	25.0	4
视频剪辑	27.0	5
视频剪辑	27.5	1
视频剪辑	32.0	1
视频剪辑	34.5	1
视频剪辑	35.0	2
视频剪辑	36.5	1
视频剪辑	42.5	3
视频剪辑	50.0	1
视频剪辑	54.5	1
视频剪辑	77.5	2
质量管理/测试工程师	1.0	2
质量管理/测试工程师	1.5	17
质量管理/测试工程师	2.0	25
质量管理/测试工程师	2.5	207
质量管理/测试工程师	3.0	76
质量管理/测试工程师	3.5	880
质量管理/测试工程师	4.0	756
质量管理/测试工程师	4.5	1497
质量管理/测试工程师	5.0	1420
质量管理/测试工程师	5.5	1782
质量管理/测试工程师	6.0	1309
质量管理/测试工程师	6.5	1589
质量管理/测试工程师	7.0	1302
质量管理/测试工程师	7.5	1185
质量管理/测试工程师	8.0	1037
质量管理/测试工程师	8.5	940
质量管理/测试工程师	9.0	799
质量管理/测试工程师	9.5	587
质量管理/测试工程师	10.0	900
质量管理/测试工程师	10.5	747
质量管理/测试工程师	11.0	271
质量管理/测试工程师	11.5	339
质量管理/测试工程师	12.0	58
质量管理/测试工程师	12.5	928
质量管理/测试工程师	13.0	39
质量管理/测试工程师	13.5	148
质量管理/测试工程师	14.0	71
质量管理/测试工程师	14.5	71
质量管理/测试工程师	15.0	122
质量管理/测试工程师	15.5	84
质量管理/测试工程师	16.0	97
质量管理/测试工程师	16.5	66
质量管理/测试工程师	17.0	21
质量管理/测试工程师	17.5	171
质量管理/测试工程师	18.0	27
质量管理/测试工程师	18.5	19
质量管理/测试工程师	19.0	29
质量管理/测试工程师	19.5	13
质量管理/测试工程师	20.0	98
质量管理/测试工程师	20.5	13
质量管理/测试工程师	21.0	5
质量管理/测试工程师	21.5	29
质量管理/测试工程师	22.0	2
质量管理/测试工程师	22.5	59
质量管理/测试工程师	23.0	6
质量管理/测试工程师	23.5	3
质量管理/测试工程师	24.0	8
质量管理/测试工程师	25.0	25
质量管理/测试工程师	25.5	4
质量管理/测试工程师	26.0	2
质量管理/测试工程师	26.5	1
质量管理/测试工程师	27.0	4
质量管理/测试工程师	27.5	9
质量管理/测试工程师	29.0	1
质量管理/测试工程师	30.0	17
质量管理/测试工程师	30.5	1
质量管理/测试工程师	32.5	4
质量管理/测试工程师	35.0	6
质量管理/测试工程师	37.5	2
质量管理/测试工程师	40.0	1
质量管理/测试工程师	45.0	1
质量管理/测试工程师	47.5	1
质量管理/测试工程师	52.5	2
质量管理/测试工程师	62.5	1
质量管理/测试工程师	65.0	2
质量管理/测试工程师	65.5	1
质量管理/测试工程师	70.0	1
跨境电商运营	1.0	6
跨境电商运营	1.5	44
跨境电商运营	2.0	81
跨境电商运营	2.5	275
跨境电商运营	3.0	128
跨境电商运营	3.5	879
跨境电商运营	4.0	747
跨境电商运营	4.5	1520
跨境电商运营	5.0	984
跨境电商运营	5.5	2359
跨境电商运营	6.0	1348
跨境电商运营	6.5	2073
跨境电商运营	7.0	510
跨境电商运营	7.5	2190
跨境电商运营	8.0	662
跨境电商运营	8.5	867
跨境电商运营	9.0	200
跨境电商运营	9.5	512
跨境电商运营	10.0	330
跨境电商运营	10.5	615
跨境电商运营	11.0	46
跨境电商运营	11.5	126
跨境电商运营	12.0	10
跨境电商运营	12.5	580
跨境电商运营	13.0	8
跨境电商运营	13.5	25
跨境电商运营	14.0	10
跨境电商运营	14.5	11
跨境电商运营	15.0	42
跨境电商运营	15.5	30
跨境电商运营	16.0	53
跨境电商运营	16.5	24
跨境电商运营	17.0	6
跨境电商运营	17.5	69
跨境电商运营	18.0	21
跨境电商运营	18.5	1
跨境电商运营	19.0	8
跨境电商运营	19.5	10
跨境电商运营	20.0	46
跨境电商运营	20.5	8
跨境电商运营	21.0	3
跨境电商运营	21.5	4
跨境电商运营	22.0	1
跨境电商运营	22.5	67
跨境电商运营	23.0	1
跨境电商运营	23.5	2
跨境电商运营	24.0	5
跨境电商运营	25.0	12
跨境电商运营	26.0	1
跨境电商运营	26.5	5
跨境电商运营	27.0	4
跨境电商运营	27.5	6
跨境电商运营	30.0	33
跨境电商运营	32.5	1
跨境电商运营	34.0	1
跨境电商运营	35.0	4
跨境电商运营	36.5	2
跨境电商运营	37.5	5
跨境电商运营	40.0	5
跨境电商运营	42.5	1
跨境电商运营	45.0	5
跨境电商运营	47.5	1
跨境电商运营	61.5	1
跨境电商运营	62.5	1
跨境电商运营	85.0	1
车间主任	1.5	6
车间主任	2.0	2
车间主任	2.5	10
车间主任	3.0	11
车间主任	3.5	107
车间主任	4.0	121
车间主任	4.5	414
车间主任	5.0	419
车间主任	5.5	945
车间主任	6.0	617
车间主任	6.5	1194
车间主任	7.0	1008
车间主任	7.5	1219
车间主任	8.0	1097
车间主任	8.5	1045
车间主任	9.0	1005
车间主任	9.5	682
车间主任	10.0	961
车间主任	10.5	901
车间主任	11.0	392
车间主任	11.5	433
车间主任	12.0	59
车间主任	12.5	1367
车间主任	13.0	53
车间主任	13.5	203
车间主任	14.0	111
车间主任	14.5	69
车间主任	15.0	151
车间主任	15.5	84
车间主任	16.0	141
车间主任	16.5	71
车间主任	17.0	25
车间主任	17.5	206
车间主任	18.0	33
车间主任	18.5	20
车间主任	19.0	26
车间主任	19.5	12
车间主任	20.0	125
车间主任	20.5	16
车间主任	21.0	8
车间主任	21.5	22
车间主任	22.0	4
车间主任	22.5	50
车间主任	23.0	3
车间主任	23.5	2
车间主任	24.0	6
车间主任	25.0	26
车间主任	26.5	2
车间主任	27.0	1
车间主任	27.5	12
车间主任	28.0	1
车间主任	30.0	10
车间主任	32.5	4
车间主任	34.5	1
车间主任	35.0	4
车间主任	37.5	2
车间主任	42.5	1
车间主任	60.0	1
车间主任	72.5	1
车间主任	80.0	1
车间主任	82.5	1
车间主任	85.0	1
运维工程师	0.5	1
运维工程师	1.0	3
运维工程师	1.5	40
运维工程师	2.0	48
运维工程师	2.5	259
运维工程师	3.0	164
运维工程师	3.5	1074
运维工程师	4.0	1039
运维工程师	4.5	2198
运维工程师	5.0	2064
运维工程师	5.5	2174
运维工程师	6.0	1737
运维工程师	6.5	2040
运维工程师	7.0	1232
运维工程师	7.5	1329
运维工程师	8.0	819
运维工程师	8.5	744
运维工程师	9.0	483
运维工程师	9.5	394
运维工程师	10.0	340
运维工程师	10.5	451
运维工程师	11.0	148
运维工程师	11.5	184
运维工程师	12.0	59
运维工程师	12.5	326
运维工程师	13.0	37
运维工程师	13.5	56
运维工程师	14.0	43
运维工程师	14.5	50
运维工程师	15.0	51
运维工程师	15.5	52
运维工程师	16.0	31
运维工程师	16.5	37
运维工程师	17.0	14
运维工程师	17.5	52
运维工程师	18.0	27
运维工程师	18.5	5
运维工程师	19.0	14
运维工程师	19.5	9
运维工程师	20.0	31
运维工程师	20.5	14
运维工程师	21.0	8
运维工程师	21.5	11
运维工程师	22.0	4
运维工程师	22.5	41
运维工程师	23.0	2
运维工程师	23.5	1
运维工程师	24.0	7
运维工程师	25.0	10
运维工程师	26.5	2
运维工程师	27.5	4
运维工程师	29.0	1
运维工程师	30.0	10
运维工程师	30.5	2
运维工程师	32.5	3
运维工程师	35.0	8
运维工程师	37.5	5
运维工程师	40.0	6
运维工程师	42.5	1
运维工程师	45.0	1
运维工程师	50.0	3
运维工程师	52.5	2
运维工程师	55.0	2
运维工程师	65.0	1
运维工程师	75.0	1
运维工程师	80.0	1
运营助理/专员	1.0	11
运营助理/专员	1.5	81
运营助理/专员	2.0	130
运营助理/专员	2.5	594
运营助理/专员	3.0	364
运营助理/专员	3.5	2459
运营助理/专员	4.0	1941
运营助理/专员	4.5	2920
运营助理/专员	5.0	1860
运营助理/专员	5.5	2408
运营助理/专员	6.0	1376
运营助理/专员	6.5	1514
运营助理/专员	7.0	526
运营助理/专员	7.5	1080
运营助理/专员	8.0	341
运营助理/专员	8.5	334
运营助理/专员	9.0	102
运营助理/专员	9.5	219
运营助理/专员	10.0	105
运营助理/专员	10.5	253
运营助理/专员	11.0	23
运营助理/专员	11.5	73
运营助理/专员	12.0	6
运营助理/专员	12.5	126
运营助理/专员	13.0	5
运营助理/专员	13.5	5
运营助理/专员	14.0	4
运营助理/专员	14.5	2
运营助理/专员	15.0	2
运营助理/专员	15.5	18
运营助理/专员	16.0	13
运营助理/专员	16.5	16
运营助理/专员	17.0	3
运营助理/专员	17.5	12
运营助理/专员	18.0	9
运营助理/专员	18.5	3
运营助理/专员	19.0	3
运营助理/专员	19.5	6
运营助理/专员	20.0	3
运营助理/专员	20.5	4
运营助理/专员	21.0	13
运营助理/专员	21.5	2
运营助理/专员	22.5	13
运营助理/专员	23.5	1
运营助理/专员	24.0	1
运营助理/专员	24.5	1
运营助理/专员	25.0	1
运营助理/专员	27.0	1
运营助理/专员	27.5	2
运营助理/专员	30.0	3
运营助理/专员	32.5	1
运营助理/专员	37.5	1
运营助理/专员	50.0	1
运营助理/专员	62.5	1
运营经理/主管	1.0	3
运营经理/主管	1.5	19
运营经理/主管	2.0	8
运营经理/主管	2.5	79
运营经理/主管	3.0	36
运营经理/主管	3.5	568
运营经理/主管	4.0	511
运营经理/主管	4.5	1281
运营经理/主管	5.0	916
运营经理/主管	5.5	1498
运营经理/主管	6.0	1069
运营经理/主管	6.5	1902
运营经理/主管	7.0	912
运营经理/主管	7.5	1913
运营经理/主管	8.0	1040
运营经理/主管	8.5	1067
运营经理/主管	9.0	656
运营经理/主管	9.5	629
运营经理/主管	10.0	738
运营经理/主管	10.5	1185
运营经理/主管	11.0	156
运营经理/主管	11.5	212
运营经理/主管	12.0	30
运营经理/主管	12.5	1285
运营经理/主管	13.0	29
运营经理/主管	13.5	115
运营经理/主管	14.0	36
运营经理/主管	14.5	32
运营经理/主管	15.0	74
运营经理/主管	15.5	67
运营经理/主管	16.0	120
运营经理/主管	16.5	82
运营经理/主管	17.0	16
运营经理/主管	17.5	252
运营经理/主管	18.0	68
运营经理/主管	18.5	11
运营经理/主管	19.0	18
运营经理/主管	19.5	17
运营经理/主管	20.0	154
运营经理/主管	20.5	19
运营经理/主管	21.0	6
运营经理/主管	21.5	18
运营经理/主管	22.0	3
运营经理/主管	22.5	139
运营经理/主管	23.0	14
运营经理/主管	23.5	4
运营经理/主管	24.0	18
运营经理/主管	25.0	75
运营经理/主管	26.0	1
运营经理/主管	26.5	7
运营经理/主管	27.0	1
运营经理/主管	27.5	12
运营经理/主管	28.5	2
运营经理/主管	29.5	1
运营经理/主管	30.0	70
运营经理/主管	31.0	2
运营经理/主管	31.5	4
运营经理/主管	32.5	15
运营经理/主管	33.0	1
运营经理/主管	35.0	6
运营经理/主管	37.5	20
运营经理/主管	38.0	1
运营经理/主管	39.5	1
运营经理/主管	40.0	9
运营经理/主管	42.5	1
运营经理/主管	45.0	7
运营经理/主管	46.0	1
运营经理/主管	47.5	1
运营经理/主管	52.5	1
运营经理/主管	55.0	4
运营经理/主管	57.5	1
运营经理/主管	65.0	4
运营经理/主管	67.5	1
运营经理/主管	85.0	1
运营经理/主管	90.0	1
运营经理/主管	97.5	1
项目经理/主管	1.0	3
项目经理/主管	1.5	35
项目经理/主管	2.0	10
项目经理/主管	2.5	51
项目经理/主管	3.0	35
项目经理/主管	3.5	328
项目经理/主管	4.0	303
项目经理/主管	4.5	837
项目经理/主管	5.0	640
项目经理/主管	5.5	1225
项目经理/主管	6.0	931
项目经理/主管	6.5	1717
项目经理/主管	7.0	990
项目经理/主管	7.5	1996
项目经理/主管	8.0	1127
项目经理/主管	8.5	1357
项目经理/主管	9.0	951
项目经理/主管	9.5	879
项目经理/主管	10.0	995
项目经理/主管	10.5	1622
项目经理/主管	11.0	447
项目经理/主管	11.5	477
项目经理/主管	12.0	94
项目经理/主管	12.5	1933
项目经理/主管	13.0	50
项目经理/主管	13.5	232
项目经理/主管	14.0	97
项目经理/主管	14.5	127
项目经理/主管	15.0	198
项目经理/主管	15.5	174
项目经理/主管	16.0	225
项目经理/主管	16.5	162
项目经理/主管	17.0	55
项目经理/主管	17.5	392
项目经理/主管	18.0	120
项目经理/主管	18.5	46
项目经理/主管	19.0	47
项目经理/主管	19.5	27
项目经理/主管	20.0	195
项目经理/主管	20.5	49
项目经理/主管	21.0	24
项目经理/主管	21.5	44
项目经理/主管	22.0	9
项目经理/主管	22.5	314
项目经理/主管	23.0	12
项目经理/主管	23.5	21
项目经理/主管	24.0	25
项目经理/主管	24.5	3
项目经理/主管	25.0	91
项目经理/主管	25.5	6
项目经理/主管	26.0	3
项目经理/主管	26.5	12
项目经理/主管	27.0	1
项目经理/主管	27.5	29
项目经理/主管	28.5	2
项目经理/主管	29.0	1
项目经理/主管	29.5	1
项目经理/主管	30.0	79
项目经理/主管	30.5	2
项目经理/主管	31.0	1
项目经理/主管	32.5	17
项目经理/主管	34.5	1
项目经理/主管	35.0	8
项目经理/主管	37.5	11
项目经理/主管	38.0	1
项目经理/主管	40.0	14
项目经理/主管	42.5	3
项目经理/主管	45.0	7
项目经理/主管	46.5	1
项目经理/主管	47.5	3
项目经理/主管	50.0	3
项目经理/主管	55.0	2
项目经理/主管	62.0	1
项目经理/主管	62.5	1
项目经理/主管	65.0	3
项目经理/主管	70.0	1
项目经理/主管	75.0	2
项目经理/主管	77.5	1
项目经理/主管	81.0	1
项目经理/主管	84.5	1
项目经理/主管	85.0	2
项目经理/主管	87.5	1
项目经理/主管	90.0	1
